difficulty,no. of games,wins,loss,win (%),avg. win time (m/s),no. of guesses,avg. guesses per win,
BEGINNER,10000,5996,4004,59.96,0.9304727818545697,15851,2.6435957304869913,
INTERMEDIATE,10000,3041,6959,30.409999999999997,6.407276192042091,12148,3.9947385728378824,
EXPERT,10000,64,9936,0.64,29.495996875,492,7.6875,
