difficulty,no. of games,wins,loss,win (%),avg. win time (m/s),no. of guesses,avg. guesses in win,total elapsed time (ms),
BEGINNER,10000,6877,3123,68.77,0.8520340846299258,29825,2.6735495128689837,6758.0007,
INTERMEDIATE,10000,3628,6372,36.28,7.971104355016538,42666,3.9986218302094816,47124.2208,
EXPERT,10000,86,9914,0.86,37.2955488372093,54472,8.674418604651162,54269.9854,
