difficulty,no. of games,wins,loss,win (%),avg. win time (m/s),no. of guesses,
BEGINNER,8761,6379,2382,72.8113229083438,0.6871077284840884,23987,
INTERMEDIATE,8454,3276,5178,38.75088715400994,8.555677716727716,35090,
EXPERT,7951,72,7879,0.905546472141869,38.699104166666665,44999,
