difficulty,no. of games,wins,loss,win (%),avg. win time (m/s),no. of guesses,avg. guesses per win,
BEGINNER,100,74,26,74.0,138.39477702702703,170,2.2972972972972974,
INTERMEDIATE,100,58,42,57.99999999999999,319.11191896551725,183,3.1551724137931036,
EXPERT,100,9,91,9.0,8041.797455555556,43,4.777777777777778,
