difficulty,no. of games,wins,loss,win (%),avg. win time (m/s),no. of guesses,avg. guesses in win,total elapsed time (ms),
BEGINNER,90,77,13,85.55555555555556,292.7306961038961,156,1.5844155844155845,23977.6086,
INTERMEDIATE,81,68,13,83.9506172839506,781.4722220588235,261,2.323529411764706,69213.405,
EXPERT,77,27,50,35.064935064935064,2615.0146222222224,354,3.6666666666666665,151686.9282,
