difficulty,no. of games,wins,loss,win (%),avg. win time (m/s),no. of guesses,avg. guesses in win,total elapsed time (ms),
BEGINNER,46,41,5,89.13043478260869,3397.3003780487807,76,1.5121951219512195,145113.5989,
INTERMEDIATE,44,29,15,65.9090909090909,22967.336862068965,128,2.6206896551724137,895637.2629,
EXPERT,37,12,25,32.432432432432435,26324.394649666665,149,4.166666666666667,714528.697395,
