difficulty,no. of games,wins,loss,win/loss (%),avg. time (m/s),
Beginner,10000,5963,4037,59.63,1.0418054264631897,
Medium,10000,2962,7038,29.62,5.793709115124916,
Expert,10000,89,9911,0.89,24.24716740449438,
