difficulty,no. of games,wins,loss,win/loss (%),avg. time (m/s),
Beginner,10000,5988,4012,59.88,0.772366077989312,
Medium,10000,3033,6967,30.330000000000002,5.698812890207715,
Expert,10000,60,9940,0.6,25.7110566,
